model,accuracy,sensitivity,specificity,roc_auc,mn_log_loss
Naive: Always Pick Player A,0.651657851,1,0,0.5,12.55552369
LASSO,0.649980648,0.795090081,0.378518519,0.612057825,10.63864907
XGBoost,0.669462005,0.892892497,0.251481481,0.678717416,0.598465881
