model,accuracy,sensitivity,specificity,roc_auc,mn_log_loss
Naive: Always Pick Player A,0.6516578505999225,1,0,0.5,12.555523693796454
LASSO,0.6499806476583667,0.7950900811720452,0.37851851851851853,0.6120578249998166,10.638649072392422
XGBoost,0.6694620049025932,0.8928924965353395,0.2514814814814815,0.678717415693262,0.5984658809521337
